,topic_num,Topic_Name,Topic_words
0,0,Topic__0,"['seat', 'car', 'stroller', 'use', 'babi', 'bag', 'one', 'carseat', 'infant', 'face', 'strap', 'also', 'get', 'carri', 'check', 'rear', 'travel', 'go', 'need', 'fi']"
1,1,Topic__1,"['constip', 'prune', 'miralax', 'poop', 'lax', 'grunt', 'suppositori', 'poo', 'fiber', 'clump', 'get', 'juic', 'use', 'soften', 'hairdress', 'day', 'stool', 'babi', 'iron', 'bowe']"
2,2,Topic__2,"['use', 'wash', 'get', 'water', 'bath', 'soap', 'oil', 'smell', 'nose', 'cold', 'dri', 'brush', 'skin', 'work', 'ear', 'clean', 'like', 'spray', 'also', 'clea']"
3,3,Topic__3,"['sleep', 'bed', 'babi', 'month', 'night', 'get', 'crib', 'room', 'time', 'like', 'old', 'use', 'nurs', 'one', 'would', 'put', 'first', 'start', 'work', 'wee']"
4,4,Topic__4,"['eye', 'blue', 'brown', 'color', 'dark', 'green', 'look', 'red', 'black', 'colour', 'blond', 'light', 'hair', 'like', 'white', 'grey', 'turn', 'darker', 'bright', 'haze']"
5,5,Topic__5,"['pump', 'feed', 'suppli', 'milk', 'babi', 'nurs', 'work', 'get', 'breast', 'day', 'bottl', 'time', 'help', 'tri', 'formula', 'nippl', 'like', 'much', 'would', 'mak']"
6,6,Topic__6,"['like', 'kid', 'get', 'thing', 'one', 'time', 'say', 'think', 'want', 'go', 'know', 'old', 'would', 'babi', 'make', 'child', 'year', 'realli', 'need', 'paren']"
7,7,Topic__7,"['teeth', 'carrier', 'babi', 'wrap', 'ergo', 'mobi', 'use', 'sling', 'tylenol', 'like', 'one', 'chew', 'littl', 'ring', 'gum', 'also', 'tri', 'get', 'love', 'wor']"
8,8,Topic__8,"['salti', 'gurgl', 'turned', 'kid', 'like', 'get', 'dat', 'sleep', 'babi', 'want', 'one', 'go', 'time', 'would', 'thing', 'see', 'know', 'night', 'also', 'reall']"
9,9,Topic__9,"['milk', 'nurs', 'formula', 'breast', 'get', 'babi', 'drink', 'breastfeed', 'feed', 'day', 'like', 'one', 'much', 'time', 'good', 'also', 'month', 'week', 'tri', 'thin']"
10,10,Topic__10,"['ink', 'bfp', 'acronym', 'sb', 'vaccin', 'time', 'get', 'like', 'make', 'go', 'thing', 'would', 'kid', 'child', 'one', 'know', 'feel', 'also', 'work', 'thin']"
11,11,Topic__11,"['use', 'one', 'babi', 'like', 'cloth', 'get', 'wear', 'buy', 'also', 'amp', 'love', 'would', 'realli', 'go', 'got', 'good', 'thing', 'month', 'great', 'stor']"
12,12,Topic__12,"['weight', 'month', 'lb', 'bodi', 'still', 'back', 'babi', 'like', 'look', 'stretch', 'get', 'gain', 'exercis', 'mark', 'pound', 'start', 'belli', 'week', 'feel', 'los']"
13,13,Topic__13,"['doctor', 'test', 'help', 'get', 'depress', 'medic', 'take', 'like', 'go', 'feel', 'day', 'ppd', 'know', 'med', 'time', 'anxieti', 'realli', 'would', 'month', 'wee']"
14,14,Topic__14,"['birth', 'pain', 'babi', 'labor', 'get', 'go', 'hospit', 'time', 'like', 'hour', 'contract', 'push', 'epidur', 'feel', 'realli', 'want', 'first', 'would', 'one', 'thin']"
15,15,Topic__15,"['pictur', 'love', 'littl', 'cute', 'look', 'babi', 'photo', 'beauti', 'ador', 'like', 'thank', 'smile', 'old', 'one', 'pic', 'month', 'daughter', 'girl', 'get', 'so']"
16,16,Topic__16,"['like', 'get', 'one', 'year', 'month', 'look', 'babi', 'head', 'back', 'littl', 'still', 'realli', 'much', 'pain', 'son', 'first', 'go', 'time', 'got', 'mak']"
17,17,Topic__17,"['month', 'solid', 'babi', 'start', 'cereal', 'food', 'rice', 'teeth', 'vomit', 'spit', 'pediatrician', 'reflux', 'swallow', 'like', 'first', 'old', 'feed', 'time', 'give', 'mout']"
18,18,Topic__18,"['breastfeed', 'feed', 'formula', 'babi', 'breast', 'mom', 'nurs', 'mother', 'breastfe', 'women', 'would', 'best', 'feel', 'like', 'peopl', 'make', 'bottl', 'support', 'get', 'wan']"
19,19,Topic__19,"['santa', 'costum', 'halloween', 'dress', 'utm', 'go', 'chang', 'pumpkin', 'fairi', 'one', 'year', 'tabl', 'like', 'old', 'want', 'clau', 'would', 'pretend', 'babi', 'ge']"
20,20,Topic__20,"['c', 'birth', 'section', 'hospit', 'circumcis', 'midwif', 'risk', 'doctor', 'medic', 'midwiv', 'vbac', 'vagin', 'emerg', 'ob', 'homebirth', 'would', 'labor', 'deliveri', 'home', 'natu']"
21,21,Topic__21,"['babi', 'get', 'need', 'like', 'go', 'feel', 'time', 'know', 'would', 'take', 'thing', 'child', 'think', 'help', 'make', 'care', 'one', 'mother', 'even', 'husban']"
22,22,Topic__22,"['kid', 'year', 'want', 'get', 'time', 'one', 'old', 'babi', 'love', 'like', 'think', 'go', 'feel', 'thing', 'much', 'realli', 'would', 'month', 'day', 'firs']"
23,23,Topic__23,"['name', 'like', 'want', 'peopl', 'think', 'kid', 'would', 'husband', 'child', 'know', 'one', 'famili', 'parent', 'children', 'get', 'make', 'realli', 'say', 'mom', 'lov']"
24,24,Topic__24,"['coma', 'sunscreen', 'bastard', 'ewg', 'loveawesom', 'like', 'babi', 'get', 'one', 'time', 'use', 'need', 'problem', 'spf', 'adorlittl', 'go', 'know', 'realli', 'help', 'neve']"
25,25,Topic__25,"['book', 'get', 'like', 'time', 'tri', 'read', 'kid', 'thing', 'help', 'give', 'would', 'make', 'go', 'teacher', 'realli', 'learn', 'someth', 'behavior', 'use', 'als']"
26,26,Topic__26,"['flight', 'plane', 'fli', 'bring', 'travel', 'airport', 'check', 'gate', 'time', 'land', 'secur', 'take', 'babi', 'lap', 'flew', 'trip', 'airlin', 'hour', 'old', 'ge']"
27,27,Topic__27,"['sleep', 'night', 'time', 'get', 'cri', 'nap', 'hour', 'babi', 'go', 'month', 'wake', 'bed', 'day', 'tri', 'back', 'would', 'work', 'start', 'need', 'minu']"
28,28,Topic__28,"['song', 'sing', 'music', 'youtub', 'cake', 'watch', 'love', 'favorit', 'show', 'danc', 'video', 'gabba', 'v', 'sesam', 'listen', 'dinosaur', 'lullabi', 'frost', 'bear', 'them']"
29,29,Topic__29,"['rash', 'cream', 'use', 'skin', 'infect', 'get', 'yeast', 'also', 'diaper', 'clear', 'like', 'realli', 'wipe', 'work', 'make', 'antibiot', 'sun', 'sunscreen', 'one', 're']"
30,30,Topic__30,"['day', 'get', 'time', 'work', 'home', 'go', 'take', 'babi', 'like', 'kid', 'week', 'hour', 'husband', 'hous', 'thing', 'one', 'make', 'clean', 'also', 'pla']"
31,31,Topic__31,"['mom', 'kid', 'feel', 'get', 'like', 'time', 'go', 'know', 'friend', 'school', 'help', 'parent', 'make', 'would', 'need', 'thing', 'think', 'work', 'realli', 'tal']"
32,32,Topic__32,"['period', 'mirena', 'iud', 'pill', 'cramp', 'remov', 'insert', 'month', 'spot', 'year', 'control', 'bleed', 'hormon', 'get', 'effect', 'light', 'heavi', 'bc', 'string', 'us']"
33,33,Topic__33,"['vaccin', 'get', 'child', 'peopl', 'kid', 'risk', 'would', 'children', 'one', 'sick', 'immun', 'shot', 'think', 'know', 'go', 'doctor', 'studi', 'research', 'like', 'yea']"
34,34,Topic__34,"['time', 'day', 'month', 'babi', 'wine', 'get', 'go', 'like', 'feel', 'mom', 'one', 'drink', 'alcohol', 'husband', 'littl', 'take', 'would', 'week', 'kid', 'nigh']"
35,35,Topic__35,"['work', 'would', 'get', 'time', 'make', 'job', 'like', 'home', 'pay', 'go', 'money', 'one', 'year', 'want', 'know', 'kid', 'think', 'need', 'also', 'goo']"
36,36,Topic__36,"['potti', 'train', 'poop', 'go', 'pee', 'diaper', 'toilet', 'time', 'use', 'day', 'accid', 'start', 'tri', 'sit', 'pull', 'bathroom', 'readi', 'month', 'get', 'underwea']"
37,37,Topic__37,"['fennel', 'pacifi', 'babi', 'british', 'use', 'time', 'cutebeauti', 'like', 'month', 'get', 'margarita', 'kid', 'would', 'one', 'take', 'lovealway', 'thing', 'want', 'never', 'mak']"
38,38,Topic__38,"['hair', 'amp', 'post', 'r', 'blog', 'cut', 'reddit', 'link', 'sr', 'look', 'use', 'like', 'girl', 'get', 'mommit', 'amazon', 'also', 'ref', 'dp', 'ut']"
39,39,Topic__39,"['tiger', 'daniel', 'flea', 'roger', 'rawr', 'sexist', 'usher', 'work', 'get', 'atticu', 'would', 'time', 'mom', 'like', 'one', 'think', 'want', 'realli', 'kid', 'mak']"
40,40,Topic__40,"['babi', 'get', 'help', 'also', 'tri', 'time', 'like', 'would', 'day', 'take', 'need', 'use', 'go', 'much', 'one', 'thing', 'realli', 'put', 'littl', 'wee']"
41,41,Topic__41,"['time', 'get', 'like', 'hand', 'old', 'bite', 'month', 'shower', 'babi', 'would', 'littl', 'head', 'walk', 'daughter', 'touch', 'start', 'son', 'kid', 'face', 'on']"
42,42,Topic__42,"['diaper', 'cloth', 'use', 'dispos', 'brand', 'size', 'wash', 'chang', 'babi', 'one', 'pamper', 'get', 'wet', 'like', 'wipe', 'poop', 'tri', 'cover', 'work', 'als']"
43,43,Topic__43,"['bottl', 'month', 'use', 'cup', 'start', 'get', 'sign', 'one', 'time', 'day', 'tri', 'speech', 'like', 'water', 'would', 'go', 'son', 'milk', 'sippi', 'bab']"
44,44,Topic__44,"['eat', 'food', 'like', 'make', 'tri', 'get', 'fruit', 'babi', 'thing', 'also', 'meal', 'give', 'one', 'chees', 'month', 'veggi', 'good', 'realli', 'much', 'litt']"
45,45,Topic__45,"['toy', 'gift', 'one', 'get', 'christma', 'kid', 'book', 'door', 'play', 'birthday', 'thing', 'year', 'open', 'room', 'got', 'car', 'put', 'like', 'also', 'ol']"
46,46,Topic__46,"['pregnanc', 'pregnant', 'week', 'babi', 'get', 'first', 'time', 'like', 'birth', 'go', 'one', 'month', 'would', 'want', 'day', 'feel', 'got', 'realli', 'help', 'als']"
47,47,Topic__47,"['kid', 'movi', 'drive', 'stroller', 'one', 'go', 'car', 'trip', 'get', 'walk', 'love', 'babi', 'use', 'old', 'also', 'great', 'like', 'park', 'play', 'rid']"
48,48,Topic__48,"['candi', 'trick', 'treat', 'halloween', 'tracker', 'oxyclean', 'pros', 'mcstuffin', 'vi', 'wonderland', 'costum', 'cons', 'go', 'get', 'or', 'make', 'robin', 'like', 'kid', 'yea']"
49,49,Topic__49,"['babbi', 'prednison', 'lipstick', 'babi', 'fuzz', 'printabl', 'like', 'rapunzel', 'gob', 'punk', 'day', 'get', 'chrome', 'month', 'make', 'go', 'birth', 'normalmine', 'one', 'mo']"
