,Topic Number,KTG
0,0,"seat, car, stroller, use, babi, bag, one, carseat, infant, face, strap, also, get, carri, check, rear, travel, go, need, fit, r, carrier, convert, back, like, har, easi, instal, would, buy, lb, much, realli, old, safeti, good, want, love, mend, graco"
1,1,"constip, prune, miralax, poop, lax, grunt, suppositori, poo, fiber, clump, get, juic, use, soften, hairdress, day, stool, babi, iron, bowel, go, probiot, mustard, one, chewabl, work, good, like, fibr, time, help, make, mouss, diaper, glycerin, also, take, lot, colon, raisin"
2,2,"use, wash, get, water, bath, soap, oil, smell, nose, cold, dri, brush, skin, work, ear, clean, like, spray, also, clear, make, wipe, littl, babi, shampoo, time, help, eczema, bug, everi, one, hair, tri, put, kid, lotion, good, got, deterg, much"
3,3,"sleep, bed, babi, month, night, get, crib, room, time, like, old, use, nurs, one, would, put, first, start, work, week, go, back, co, tri, slept, us, still, wake, also, littl, around, need, realli, son, help, thing, good, think, asleep, swaddl"
4,4,"eye, blue, brown, color, dark, green, look, red, black, colour, blond, light, hair, like, white, grey, turn, darker, bright, hazel, son, pale, daughter, shade, one, gene, born, comic, gray, chang, yellow, skin, genet, babi, pink, get, figurin, littl, husband, month"
5,5,"pump, feed, suppli, milk, babi, nurs, work, get, breast, day, bottl, time, help, tri, formula, nippl, like, much, would, make, latch, month, oz, need, lactat, also, one, breastfeed, enough, first, go, good, use, supplement, eat, week, hour, everi, produc, side"
6,6,"like, kid, get, thing, one, time, say, think, want, go, know, old, would, babi, make, child, year, realli, need, parent, son, someth, peopl, ask, also, talk, way, daughter, littl, tri, good, even, tell, feel, let, see, take, use, said, play"
7,7,"teeth, carrier, babi, wrap, ergo, mobi, use, sling, tylenol, like, one, chew, littl, ring, gum, also, tri, get, love, work, tooth, beco, month, pain, realli, boba, bjorn, frozen, orajel, would, seem, son, front, carri, insert, much, teether, give, first, back"
8,8,"salti, gurgl, turned, kid, like, get, dat, sleep, babi, want, one, go, time, would, thing, see, know, night, also, realli, day, photo, make, need, use, year, tri, child, month, good, feel, even, old, back, much, think, peopl, give, someth, got"
9,9,"milk, nurs, formula, breast, get, babi, drink, breastfeed, feed, day, like, one, much, time, good, also, month, week, tri, think, give, pump, know, breastmilk, would, start, eat, thing, lot, dairi, realli, make, go, supplement, could, need, take, want, enough, help"
10,10,"ink, bfp, acronym, sb, vaccin, time, get, like, make, go, thing, would, kid, child, one, know, feel, also, work, think, realli, lot, help, need, even, way, say, take, month, want, husband, famili, come, son, babi, good, children, right, tri, peopl"
11,11,"use, one, babi, like, cloth, get, wear, buy, also, amp, love, would, realli, go, got, good, thing, month, great, store, look, size, need, shirt, blanket, make, put, bought, littl, find, stuff, nice, lot, much, still, fit, even, never, bra, want"
12,12,"weight, month, lb, bodi, still, back, babi, like, look, stretch, get, gain, exercis, mark, pound, start, belli, week, feel, lose, size, much, realli, pregnanc, go, eat, year, normal, time, walk, think, old, lot, littl, boob, day, calori, lost, skin, fat"
13,13,"doctor, test, help, get, depress, medic, take, like, go, feel, day, ppd, know, med, time, anxieti, realli, would, month, week, first, also, thing, good, see, need, think, better, call, one, babi, check, symptom, even, normal, start, tri, much, could, someth"
14,14,"birth, pain, babi, labor, get, go, hospit, time, like, hour, contract, push, epidur, feel, realli, want, first, would, one, think, thing, got, week, went, even, know, much, could, day, husband, natur, nurs, c, good, section, felt, start, second, back, help"
15,15,"pictur, love, littl, cute, look, babi, photo, beauti, ador, like, thank, smile, old, one, pic, month, daughter, girl, get, son, sweet, boy, imgur, year, face, happi, got, first, see, much, great, oh, congrat, day, awesom, birthday, hope, post, make, lol"
16,16,"like, get, one, year, month, look, babi, head, back, littl, still, realli, much, pain, son, first, go, time, got, make, think, feel, old, would, even, week, sinc, also, know, say, well, tri, use, right, kid, could, see, never, around, said"
17,17,"month, solid, babi, start, cereal, food, rice, teeth, vomit, spit, pediatrician, reflux, swallow, like, first, old, feed, time, give, mouth, wait, also, stomach, get, tri, choke, dentist, son, week, eat, thing, gag, much, would, one, readi, puke, digest, pure, day"
18,18,"breastfeed, feed, formula, babi, breast, mom, nurs, mother, breastfe, women, would, best, feel, like, peopl, make, bottl, support, get, want, need, one, know, fed, tri, even, think, post, survey, child, latch, research, month, studi, public, take, pump, time, realli, breastf"
19,19,"santa, costum, halloween, dress, utm, go, chang, pumpkin, fairi, one, year, tabl, like, old, want, clau, would, pretend, babi, get, put, vampir, kid, littl, think, real, also, pirat, lie, hat, use, make, amp, princess, month, magic, thing, day, spiderman, monther"
20,20,"c, birth, section, hospit, circumcis, midwif, risk, doctor, medic, midwiv, vbac, vagin, emerg, ob, homebirth, would, labor, deliveri, home, natur, gun, doula, center, procedur, complic, experi, option, deliv, babi, peni, rate, women, intact, foreskin, necessari, elect, one, plan, also, pain"
21,21,"babi, get, need, like, go, feel, time, know, would, take, thing, child, think, help, make, care, one, mother, even, husband, want, right, realli, peopl, mom, much, leav, way, could, day, say, happen, work, someon, give, tri, parent, see, better, first"
22,22,"kid, year, want, get, time, one, old, babi, love, like, think, go, feel, thing, much, realli, would, month, day, first, mom, make, know, famili, son, littl, two, daughter, husband, parent, child, older, way, also, still, sister, even, age, got, good"
23,23,"name, like, want, peopl, think, kid, would, husband, child, know, one, famili, parent, children, get, make, realli, say, mom, love, go, time, way, never, even, mother, thing, also, life, babi, son, feel, year, call, see, daughter, father, dad, differ, girl"
24,24,"coma, sunscreen, bastard, ewg, loveawesom, like, babi, get, one, time, use, need, problem, spf, adorlittl, go, know, realli, help, never, feel, thing, even, would, much, want, gd, year, first, think, take, good, make, day, say, jesu, kid, tri, sure, pain"
25,25,"book, get, like, time, tri, read, kid, thing, help, give, would, make, go, teacher, realli, learn, someth, behavior, use, also, work, hit, let, good, say, start, know, want, play, need, one, put, way, child, son, tantrum, take, hand, age, teach"
26,26,"flight, plane, fli, bring, travel, airport, check, gate, time, land, secur, take, babi, lap, flew, trip, airlin, hour, old, get, one, ear, month, attend, extra, tsa, board, snack, help, bottl, pack, make, sure, airplan, seat, need, would, ticket, flown, takeoff"
27,27,"sleep, night, time, get, cri, nap, hour, babi, go, month, wake, bed, day, tri, back, would, work, start, need, minut, like, put, asleep, one, let, still, help, know, everi, bedtim, routin, old, around, much, realli, room, good, thing, littl, week"
28,28,"song, sing, music, youtub, cake, watch, love, favorit, show, danc, video, gabba, v, sesam, listen, dinosaur, lullabi, frost, bear, theme, littl, episod, channel, elmo, sang, star, disney, rhyme, sunshin, tune, french, twinkl, version, classic, old, lyric, yo, mr, cartoon, also"
29,29,"rash, cream, use, skin, infect, get, yeast, also, diaper, clear, like, realli, wipe, work, make, antibiot, sun, sunscreen, one, red, tri, go, would, doctor, help, littl, good, keep, day, water, powder, area, thing, time, sensit, son, bad, babi, allergi, put"
30,30,"day, get, time, work, home, go, take, babi, like, kid, week, hour, husband, hous, thing, one, make, clean, also, play, help, need, would, mom, even, old, realli, stay, daycar, much, around, good, month, year, watch, lot, dog, love, everi, know"
31,31,"mom, kid, feel, get, like, time, go, know, friend, school, help, parent, make, would, need, thing, think, work, realli, talk, even, good, tri, one, child, peopl, year, want, take, group, see, much, lot, also, way, son, find, life, famili, say"
32,32,"period, mirena, iud, pill, cramp, remov, insert, month, spot, year, control, bleed, hormon, get, effect, light, heavi, bc, string, use, cervix, heavier, got, one, condom, paraguard, pap, mine, back, week, stop, like, shot, day, first, still, bled, tri, regular, copper"
33,33,"vaccin, get, child, peopl, kid, risk, would, children, one, sick, immun, shot, think, know, go, doctor, studi, research, like, year, parent, diseas, even, also, time, babi, fever, caus, medic, make, articl, reason, well, want, die, say, thing, us, see, take"
34,34,"time, day, month, babi, wine, get, go, like, feel, mom, one, drink, alcohol, husband, littl, take, would, week, kid, night, old, work, make, love, thing, glass, sleep, year, realli, first, much, start, want, think, even, still, need, got, coffe, say"
35,35,"work, would, get, time, make, job, like, home, pay, go, money, one, year, want, know, kid, think, need, also, good, much, realli, peopl, take, could, back, famili, month, thing, child, school, find, look, care, live, use, stay, daycar, lot, help"
36,36,"potti, train, poop, go, pee, diaper, toilet, time, use, day, accid, start, tri, sit, pull, bathroom, readi, month, get, underwear, nake, like, would, pant, kid, put, big, up, daughter, one, make, work, chang, want, wet, realli, got, son, everi, let"
37,37,"fennel, pacifi, babi, british, use, time, cutebeauti, like, month, get, margarita, kid, would, one, take, lovealway, thing, want, never, make, tri, think, sweati, realli, someth, day, paci, go, zelda, need, littl, nurs, good, child, know, sleep, dummi, peopl, feel, still"
38,38,"hair, amp, post, r, blog, cut, reddit, link, sr, look, use, like, girl, get, mommit, amazon, also, ref, dp, utf, littl, one, long, pink, ie, make, qid, ment, b, realli, nail, daughter, curl, thank, mod, tri, boy, short, love, good"
39,39,"tiger, daniel, flea, roger, rawr, sexist, usher, work, get, atticu, would, time, mom, like, one, think, want, realli, kid, make, know, mr, month, home, day, feel, babi, good, littl, way, love, could, old, thing, much, also, stan, need, take, say"
40,40,"babi, get, help, also, tri, time, like, would, day, take, need, use, go, much, one, thing, realli, put, littl, week, nurs, work, bath, keep, month, diaper, good, sleep, first, make, could, feed, even, chang, water, give, night, hold, better, everi"
41,41,"time, get, like, hand, old, bite, month, shower, babi, would, littl, head, walk, daughter, touch, start, son, kid, face, one, tri, put, hold, thing, go, still, sit, stop, back, year, day, around, take, think, crawl, make, got, nail, laugh, kiss"
42,42,"diaper, cloth, use, dispos, brand, size, wash, chang, babi, one, pamper, get, wet, like, wipe, poop, tri, cover, work, also, laundri, leak, huggi, dri, prefold, deterg, time, go, month, realli, much, day, everi, differ, buy, pocket, never, rash, son, good"
43,43,"bottl, month, use, cup, start, get, sign, one, time, day, tri, speech, like, water, would, go, son, milk, sippi, babi, work, word, also, week, realli, want, drink, first, need, take, earli, much, good, languag, say, help, still, daughter, kid, make"
44,44,"eat, food, like, make, tri, get, fruit, babi, thing, also, meal, give, one, chees, month, veggi, good, realli, much, littl, use, love, start, day, kid, cook, would, egg, banana, time, snack, meat, cut, lot, old, juic, want, pure, feed, yogurt"
45,45,"toy, gift, one, get, christma, kid, book, door, play, birthday, thing, year, open, room, got, car, put, like, also, old, present, go, make, gate, parti, keep, use, box, lock, littl, stuff, would, could, time, someth, idea, tabl, fun, buy, plastic"
46,46,"pregnanc, pregnant, week, babi, get, first, time, like, birth, go, one, month, would, want, day, feel, got, realli, help, also, know, take, much, even, thing, year, make, sex, tri, born, think, still, start, lot, second, good, two, could, work, back"
47,47,"kid, movi, drive, stroller, one, go, car, trip, get, walk, love, babi, use, old, also, great, like, park, play, ride, swim, would, pool, citi, littl, lot, around, year, take, toddler, make, water, realli, camp, back, time, good, want, got, bring"
48,48,"candi, trick, treat, halloween, tracker, oxyclean, pros, mcstuffin, vi, wonderland, costum, cons, go, get, or, make, robin, like, kid, year, think, one, know, month, squee, time, thing, littl, realli, good, would, play, feel, take, say, need, son, bucket, day, work"
49,49,"babbi, prednison, lipstick, babi, fuzz, printabl, like, rapunzel, gob, punk, day, get, chrome, month, make, go, birth, normalmine, one, mom, feel, even, time, realli, know, thing, son, mumma, would, littl, use, first, work, feed, much, formula, hippo, peopl, tri, never"
